-- phpMyAdmin SQL Dump
-- version 5.2.1
-- https://www.phpmyadmin.net/
--
-- Host: 127.0.0.1
-- Waktu pembuatan: 08 Bulan Mei 2025 pada 11.19
-- Versi server: 10.4.32-MariaDB
-- Versi PHP: 8.0.30

SET SQL_MODE = "NO_AUTO_VALUE_ON_ZERO";
START TRANSACTION;
SET time_zone = "+00:00";


/*!40101 SET @OLD_CHARACTER_SET_CLIENT=@@CHARACTER_SET_CLIENT */;
/*!40101 SET @OLD_CHARACTER_SET_RESULTS=@@CHARACTER_SET_RESULTS */;
/*!40101 SET @OLD_COLLATION_CONNECTION=@@COLLATION_CONNECTION */;
/*!40101 SET NAMES utf8mb4 */;

--
-- Database: `cms_sederhana`
--

-- --------------------------------------------------------

--
-- Struktur dari tabel `categories`
--

CREATE TABLE `categories` (
  `id` int(11) NOT NULL,
  `name` varchar(50) NOT NULL,
  `slug` varchar(50) NOT NULL,
  `created_at` timestamp NOT NULL DEFAULT current_timestamp()
) ENGINE=InnoDB DEFAULT CHARSET=utf8mb4 COLLATE=utf8mb4_general_ci;

--
-- Dumping data untuk tabel `categories`
--

INSERT INTO `categories` (`id`, `name`, `slug`, `created_at`) VALUES
(1, 'Uncategorized', 'uncategorized', '2025-05-06 01:40:13'),
(2, 'News', 'news', '2025-05-06 01:40:13'),
(3, 'Technology', 'technology', '2025-05-06 01:40:13');

-- --------------------------------------------------------

--
-- Struktur dari tabel `invite_codes`
--

CREATE TABLE `invite_codes` (
  `id` int(11) NOT NULL,
  `code` varchar(32) NOT NULL,
  `role` enum('author','editor') NOT NULL DEFAULT 'author',
  `created_by` int(11) NOT NULL,
  `used_by` int(11) DEFAULT NULL,
  `is_used` tinyint(1) DEFAULT 0,
  `created_at` timestamp NOT NULL DEFAULT current_timestamp(),
  `expires_at` timestamp NULL DEFAULT NULL
) ENGINE=InnoDB DEFAULT CHARSET=utf8mb4 COLLATE=utf8mb4_general_ci;

--
-- Dumping data untuk tabel `invite_codes`
--

INSERT INTO `invite_codes` (`id`, `code`, `role`, `created_by`, `used_by`, `is_used`, `created_at`, `expires_at`) VALUES
(1, '08b5b793e8cbab40c08fe03cea729902', 'editor', 2, 3, 1, '2025-05-06 07:18:37', '2025-05-09 02:18:37'),
(2, 'e3c387817d253bc6c8ad10192dc22957', 'author', 2, 4, 1, '2025-05-07 00:18:54', '2025-05-09 19:18:54');

-- --------------------------------------------------------

--
-- Struktur dari tabel `password_resets`
--

CREATE TABLE `password_resets` (
  `id` int(11) NOT NULL,
  `user_id` int(11) NOT NULL,
  `token` varchar(100) NOT NULL,
  `created_at` timestamp NOT NULL DEFAULT current_timestamp(),
  `expires_at` timestamp NOT NULL DEFAULT '0000-00-00 00:00:00',
  `used` tinyint(1) DEFAULT 0
) ENGINE=InnoDB DEFAULT CHARSET=utf8mb4 COLLATE=utf8mb4_general_ci;

-- --------------------------------------------------------

--
-- Struktur dari tabel `posts`
--

CREATE TABLE `posts` (
  `id` int(11) NOT NULL,
  `title` varchar(255) NOT NULL,
  `slug` varchar(255) NOT NULL,
  `content` text NOT NULL,
  `category_id` int(11) DEFAULT NULL,
  `user_id` int(11) NOT NULL,
  `status` enum('draft','published') DEFAULT 'draft',
  `created_at` timestamp NOT NULL DEFAULT current_timestamp(),
  `updated_at` timestamp NOT NULL DEFAULT current_timestamp() ON UPDATE current_timestamp()
) ENGINE=InnoDB DEFAULT CHARSET=utf8mb4 COLLATE=utf8mb4_general_ci;

--
-- Dumping data untuk tabel `posts`
--

INSERT INTO `posts` (`id`, `title`, `slug`, `content`, `category_id`, `user_id`, `status`, `created_at`, `updated_at`) VALUES
(1, 'First post!', 'first-post!', '&lt;b&gt;First&lt;/b&gt; post of all!', 2, 2, 'published', '2025-05-06 05:32:04', '2025-05-06 14:07:47'),
(3, 'Second post', 'second-post', '&lt;p&gt;First author, second post!&lt;/p&gt;', 2, 4, 'published', '2025-05-07 00:50:54', '2025-05-07 00:50:54');

-- --------------------------------------------------------

--
-- Struktur dari tabel `users`
--

CREATE TABLE `users` (
  `id` int(11) NOT NULL,
  `username` varchar(50) NOT NULL,
  `password` varchar(255) NOT NULL,
  `email` varchar(100) NOT NULL,
  `role` enum('admin','editor','author') DEFAULT 'author',
  `profile_picture` varchar(255) DEFAULT NULL,
  `last_login` datetime DEFAULT NULL,
  `remember_token` varchar(100) DEFAULT NULL,
  `created_at` timestamp NOT NULL DEFAULT current_timestamp(),
  `updated_at` timestamp NOT NULL DEFAULT current_timestamp() ON UPDATE current_timestamp()
) ENGINE=InnoDB DEFAULT CHARSET=utf8mb4 COLLATE=utf8mb4_general_ci;

--
-- Dumping data untuk tabel `users`
--

INSERT INTO `users` (`id`, `username`, `password`, `email`, `role`, `profile_picture`, `last_login`, `remember_token`, `created_at`, `updated_at`) VALUES
(2, 'admin', '$2y$10$GAACddIIKpQEFRqgxzVfl.DiEKD.cXpf8ycesa5yU6/f1nrxmsVjK', 'admin@example.com', 'admin', NULL, '2025-05-07 13:32:43', NULL, '2025-05-06 01:40:39', '2025-05-07 06:32:43'),
(3, 'firsteditor', '$2y$10$zHbDhD.0uznrpR/arQ2jMu9VgCTDE7WlJOBISRrSYkD5IOyNm2R4K', 'firsteditor@myemail.com', 'editor', NULL, '2025-05-07 12:58:52', NULL, '2025-05-06 07:19:31', '2025-05-07 05:58:52'),
(4, 'firstauthor', '$2y$10$RhDXFSpcpsYXjJ.WJVfcZ.KJCc0fvRnOCxqnDeee0X1mhQB5qAEHS', 'firstauthor@myemail.com', 'author', NULL, '2025-05-07 12:51:12', NULL, '2025-05-07 00:20:02', '2025-05-07 05:51:12');

-- --------------------------------------------------------

--
-- Struktur dari tabel `user_activities`
--

CREATE TABLE `user_activities` (
  `id` int(11) NOT NULL,
  `user_id` int(11) NOT NULL,
  `activity_type` varchar(50) NOT NULL,
  `description` text DEFAULT NULL,
  `ip_address` varchar(45) DEFAULT NULL,
  `user_agent` text DEFAULT NULL,
  `created_at` timestamp NOT NULL DEFAULT current_timestamp()
) ENGINE=InnoDB DEFAULT CHARSET=utf8mb4 COLLATE=utf8mb4_general_ci;

--
-- Dumping data untuk tabel `user_activities`
--

INSERT INTO `user_activities` (`id`, `user_id`, `activity_type`, `description`, `ip_address`, `user_agent`, `created_at`) VALUES
(1, 2, 'login', 'User logged in successfully', '::1', 'Mozilla/5.0 (Windows NT 10.0; Win64; x64) AppleWebKit/537.36 (KHTML, like Gecko) Chrome/136.0.0.0 Safari/537.36 Edg/136.0.0.0', '2025-05-06 06:49:53'),
(2, 2, 'login', 'User logged in successfully', '::1', 'Mozilla/5.0 (Windows NT 10.0; Win64; x64) AppleWebKit/537.36 (KHTML, like Gecko) Chrome/136.0.0.0 Safari/537.36 Edg/136.0.0.0', '2025-05-06 07:12:29'),
(3, 2, 'login', 'User logged in successfully', '::1', 'Mozilla/5.0 (Windows NT 10.0; Win64; x64) AppleWebKit/537.36 (KHTML, like Gecko) Chrome/136.0.0.0 Safari/537.36 Edg/136.0.0.0', '2025-05-06 07:14:27'),
(4, 2, 'login', 'User logged in successfully', '::1', 'Mozilla/5.0 (Windows NT 10.0; Win64; x64) AppleWebKit/537.36 (KHTML, like Gecko) Chrome/136.0.0.0 Safari/537.36 Edg/136.0.0.0', '2025-05-06 07:18:14'),
(5, 3, 'login', 'User logged in successfully', '::1', 'Mozilla/5.0 (Windows NT 10.0; Win64; x64) AppleWebKit/537.36 (KHTML, like Gecko) Chrome/136.0.0.0 Safari/537.36 Edg/136.0.0.0', '2025-05-06 07:19:50'),
(6, 2, 'login', 'User logged in successfully', '::1', 'Mozilla/5.0 (Windows NT 10.0; Win64; x64) AppleWebKit/537.36 (KHTML, like Gecko) Chrome/136.0.0.0 Safari/537.36 Edg/136.0.0.0', '2025-05-06 07:26:15'),
(7, 2, 'login', 'User logged in successfully', '::1', 'Mozilla/5.0 (Windows NT 10.0; Win64; x64) AppleWebKit/537.36 (KHTML, like Gecko) Chrome/136.0.0.0 Safari/537.36 Edg/136.0.0.0', '2025-05-06 13:50:42'),
(8, 2, 'login', 'User logged in successfully', '::1', 'Mozilla/5.0 (Windows NT 10.0; Win64; x64) AppleWebKit/537.36 (KHTML, like Gecko) Chrome/136.0.0.0 Safari/537.36 Edg/136.0.0.0', '2025-05-06 14:07:35'),
(9, 2, 'login', 'User logged in successfully', '::1', 'Mozilla/5.0 (Windows NT 10.0; Win64; x64) AppleWebKit/537.36 (KHTML, like Gecko) Chrome/136.0.0.0 Safari/537.36 Edg/136.0.0.0', '2025-05-06 14:20:32'),
(10, 2, 'login', 'User logged in successfully', '::1', 'Mozilla/5.0 (Windows NT 10.0; Win64; x64) AppleWebKit/537.36 (KHTML, like Gecko) Chrome/136.0.0.0 Safari/537.36 Edg/136.0.0.0', '2025-05-06 14:34:11'),
(11, 2, 'login', 'User logged in successfully', '::1', 'Mozilla/5.0 (Windows NT 10.0; Win64; x64) AppleWebKit/537.36 (KHTML, like Gecko) Chrome/136.0.0.0 Safari/537.36 Edg/136.0.0.0', '2025-05-06 14:54:03'),
(12, 3, 'login', 'User logged in successfully', '::1', 'Mozilla/5.0 (Windows NT 10.0; Win64; x64) AppleWebKit/537.36 (KHTML, like Gecko) Chrome/136.0.0.0 Safari/537.36 Edg/136.0.0.0', '2025-05-06 14:54:14'),
(13, 2, 'login', 'User logged in successfully', '::1', 'Mozilla/5.0 (Windows NT 10.0; Win64; x64) AppleWebKit/537.36 (KHTML, like Gecko) Chrome/136.0.0.0 Safari/537.36 Edg/136.0.0.0', '2025-05-06 15:26:50'),
(14, 2, 'login', 'User logged in successfully', '::1', 'Mozilla/5.0 (Windows NT 10.0; Win64; x64) AppleWebKit/537.36 (KHTML, like Gecko) Chrome/136.0.0.0 Safari/537.36 Edg/136.0.0.0', '2025-05-06 16:52:02'),
(15, 2, 'login', 'User logged in successfully', '::1', 'Mozilla/5.0 (Windows NT 10.0; Win64; x64) AppleWebKit/537.36 (KHTML, like Gecko) Chrome/136.0.0.0 Safari/537.36 Edg/136.0.0.0', '2025-05-06 16:56:47'),
(16, 2, 'login', 'User logged in successfully', '::1', 'Mozilla/5.0 (Windows NT 10.0; Win64; x64) AppleWebKit/537.36 (KHTML, like Gecko) Chrome/136.0.0.0 Safari/537.36 Edg/136.0.0.0', '2025-05-06 17:01:52'),
(17, 2, 'login', 'User logged in successfully', '::1', 'Mozilla/5.0 (Windows NT 10.0; Win64; x64) AppleWebKit/537.36 (KHTML, like Gecko) Chrome/136.0.0.0 Safari/537.36 Edg/136.0.0.0', '2025-05-06 17:02:05'),
(18, 2, 'login', 'User logged in successfully', '::1', 'Mozilla/5.0 (Windows NT 10.0; Win64; x64) AppleWebKit/537.36 (KHTML, like Gecko) Chrome/136.0.0.0 Safari/537.36 Edg/136.0.0.0', '2025-05-06 17:03:19'),
(19, 2, 'login', 'User logged in successfully', '::1', 'Mozilla/5.0 (Windows NT 10.0; Win64; x64) AppleWebKit/537.36 (KHTML, like Gecko) Chrome/136.0.0.0 Safari/537.36 Edg/136.0.0.0', '2025-05-06 17:05:07'),
(20, 2, 'login', 'User logged in successfully', '::1', 'Mozilla/5.0 (Windows NT 10.0; Win64; x64) AppleWebKit/537.36 (KHTML, like Gecko) Chrome/136.0.0.0 Safari/537.36 Edg/136.0.0.0', '2025-05-06 17:12:09'),
(21, 2, 'login', 'User logged in successfully', '::1', 'Mozilla/5.0 (Windows NT 10.0; Win64; x64) AppleWebKit/537.36 (KHTML, like Gecko) Chrome/136.0.0.0 Safari/537.36 Edg/136.0.0.0', '2025-05-06 17:13:44'),
(22, 2, 'login', 'User logged in successfully', '::1', 'Mozilla/5.0 (Windows NT 10.0; Win64; x64) AppleWebKit/537.36 (KHTML, like Gecko) Chrome/136.0.0.0 Safari/537.36 Edg/136.0.0.0', '2025-05-06 17:19:46'),
(23, 2, 'login', 'User logged in successfully', '::1', 'Mozilla/5.0 (Windows NT 10.0; Win64; x64) AppleWebKit/537.36 (KHTML, like Gecko) Chrome/136.0.0.0 Safari/537.36 Edg/136.0.0.0', '2025-05-06 17:20:11'),
(24, 2, 'login', 'User logged in successfully', '::1', 'Mozilla/5.0 (Windows NT 10.0; Win64; x64) AppleWebKit/537.36 (KHTML, like Gecko) Chrome/136.0.0.0 Safari/537.36 Edg/136.0.0.0', '2025-05-06 17:26:15'),
(25, 2, 'login', 'User logged in successfully', '::1', 'Mozilla/5.0 (Windows NT 10.0; Win64; x64) AppleWebKit/537.36 (KHTML, like Gecko) Chrome/136.0.0.0 Safari/537.36 Edg/136.0.0.0', '2025-05-06 17:40:41'),
(26, 2, 'login', 'User logged in successfully', '::1', 'Mozilla/5.0 (Windows NT 10.0; Win64; x64) AppleWebKit/537.36 (KHTML, like Gecko) Chrome/136.0.0.0 Safari/537.36 Edg/136.0.0.0', '2025-05-06 17:43:12'),
(27, 2, 'login', 'User logged in successfully', '::1', 'Mozilla/5.0 (Windows NT 10.0; Win64; x64) AppleWebKit/537.36 (KHTML, like Gecko) Chrome/136.0.0.0 Safari/537.36 Edg/136.0.0.0', '2025-05-07 00:17:51'),
(28, 3, 'login', 'User logged in successfully', '::1', 'Mozilla/5.0 (Windows NT 10.0; Win64; x64) AppleWebKit/537.36 (KHTML, like Gecko) Chrome/136.0.0.0 Safari/537.36 Edg/136.0.0.0', '2025-05-07 00:18:01'),
(29, 2, 'login', 'User logged in successfully', '::1', 'Mozilla/5.0 (Windows NT 10.0; Win64; x64) AppleWebKit/537.36 (KHTML, like Gecko) Chrome/136.0.0.0 Safari/537.36 Edg/136.0.0.0', '2025-05-07 00:18:15'),
(30, 4, 'login', 'User logged in successfully', '::1', 'Mozilla/5.0 (Windows NT 10.0; Win64; x64) AppleWebKit/537.36 (KHTML, like Gecko) Chrome/136.0.0.0 Safari/537.36 Edg/136.0.0.0', '2025-05-07 00:20:11'),
(31, 2, 'login', 'User logged in successfully', '::1', 'Mozilla/5.0 (Windows NT 10.0; Win64; x64) AppleWebKit/537.36 (KHTML, like Gecko) Chrome/136.0.0.0 Safari/537.36 Edg/136.0.0.0', '2025-05-07 00:20:51'),
(32, 2, 'login', 'User logged in successfully', '::1', 'Mozilla/5.0 (Windows NT 10.0; Win64; x64) AppleWebKit/537.36 (KHTML, like Gecko) Chrome/136.0.0.0 Safari/537.36 Edg/136.0.0.0', '2025-05-07 00:25:38'),
(33, 4, 'login', 'User logged in successfully', '::1', 'Mozilla/5.0 (Windows NT 10.0; Win64; x64) AppleWebKit/537.36 (KHTML, like Gecko) Chrome/136.0.0.0 Safari/537.36 Edg/136.0.0.0', '2025-05-07 00:46:34'),
(34, 2, 'login', 'User logged in successfully', '::1', 'Mozilla/5.0 (Windows NT 10.0; Win64; x64) AppleWebKit/537.36 (KHTML, like Gecko) Chrome/136.0.0.0 Safari/537.36 Edg/136.0.0.0', '2025-05-07 00:46:42'),
(35, 3, 'login', 'User logged in successfully', '::1', 'Mozilla/5.0 (Windows NT 10.0; Win64; x64) AppleWebKit/537.36 (KHTML, like Gecko) Chrome/136.0.0.0 Safari/537.36 Edg/136.0.0.0', '2025-05-07 00:50:18'),
(36, 4, 'login', 'User logged in successfully', '::1', 'Mozilla/5.0 (Windows NT 10.0; Win64; x64) AppleWebKit/537.36 (KHTML, like Gecko) Chrome/136.0.0.0 Safari/537.36 Edg/136.0.0.0', '2025-05-07 00:50:26'),
(37, 4, 'login', 'User logged in successfully', '::1', 'Mozilla/5.0 (Windows NT 10.0; Win64; x64) AppleWebKit/537.36 (KHTML, like Gecko) Chrome/136.0.0.0 Safari/537.36 Edg/136.0.0.0', '2025-05-07 00:52:12'),
(38, 2, 'login', 'User logged in successfully', '::1', 'Mozilla/5.0 (Windows NT 10.0; Win64; x64) AppleWebKit/537.36 (KHTML, like Gecko) Chrome/136.0.0.0 Safari/537.36 Edg/136.0.0.0', '2025-05-07 00:57:55'),
(39, 4, 'login', 'User logged in successfully', '::1', 'Mozilla/5.0 (Windows NT 10.0; Win64; x64) AppleWebKit/537.36 (KHTML, like Gecko) Chrome/136.0.0.0 Safari/537.36 Edg/136.0.0.0', '2025-05-07 00:58:07'),
(40, 4, 'login', 'User logged in successfully', '::1', 'Mozilla/5.0 (Windows NT 10.0; Win64; x64) AppleWebKit/537.36 (KHTML, like Gecko) Chrome/136.0.0.0 Safari/537.36 Edg/136.0.0.0', '2025-05-07 05:51:12'),
(41, 3, 'login', 'User logged in successfully', '::1', 'Mozilla/5.0 (Windows NT 10.0; Win64; x64) AppleWebKit/537.36 (KHTML, like Gecko) Chrome/136.0.0.0 Safari/537.36 Edg/136.0.0.0', '2025-05-07 05:56:41'),
(42, 2, 'login', 'User logged in successfully', '::1', 'Mozilla/5.0 (Windows NT 10.0; Win64; x64) AppleWebKit/537.36 (KHTML, like Gecko) Chrome/136.0.0.0 Safari/537.36 Edg/136.0.0.0', '2025-05-07 05:57:08'),
(43, 3, 'login', 'User logged in successfully', '::1', 'Mozilla/5.0 (Windows NT 10.0; Win64; x64) AppleWebKit/537.36 (KHTML, like Gecko) Chrome/136.0.0.0 Safari/537.36 Edg/136.0.0.0', '2025-05-07 05:58:52'),
(44, 2, 'login', 'User logged in successfully', '::1', 'Mozilla/5.0 (Windows NT 10.0; Win64; x64) AppleWebKit/537.36 (KHTML, like Gecko) Chrome/136.0.0.0 Safari/537.36 Edg/136.0.0.0', '2025-05-07 06:10:07'),
(45, 2, 'login', 'User logged in successfully', '::1', 'Mozilla/5.0 (Windows NT 10.0; Win64; x64) AppleWebKit/537.36 (KHTML, like Gecko) Chrome/136.0.0.0 Safari/537.36 Edg/136.0.0.0', '2025-05-07 06:32:43');

-- --------------------------------------------------------

--
-- Struktur dari tabel `user_permissions`
--

CREATE TABLE `user_permissions` (
  `id` int(11) NOT NULL,
  `role` varchar(50) NOT NULL,
  `permission` varchar(50) NOT NULL,
  `created_at` timestamp NOT NULL DEFAULT current_timestamp()
) ENGINE=InnoDB DEFAULT CHARSET=utf8mb4 COLLATE=utf8mb4_general_ci;

--
-- Dumping data untuk tabel `user_permissions`
--

INSERT INTO `user_permissions` (`id`, `role`, `permission`, `created_at`) VALUES
(1, 'admin', 'manage_users', '2025-05-06 06:49:29'),
(2, 'admin', 'manage_roles', '2025-05-06 06:49:29'),
(3, 'admin', 'manage_posts', '2025-05-06 06:49:29'),
(4, 'admin', 'manage_categories', '2025-05-06 06:49:29'),
(5, 'admin', 'manage_settings', '2025-05-06 06:49:29'),
(6, 'editor', 'manage_posts', '2025-05-06 06:49:29'),
(7, 'editor', 'manage_categories', '2025-05-06 06:49:29'),
(8, 'author', 'create_posts', '2025-05-06 06:49:29'),
(9, 'author', 'edit_own_posts', '2025-05-06 06:49:29');

--
-- Indexes for dumped tables
--

--
-- Indeks untuk tabel `categories`
--
ALTER TABLE `categories`
  ADD PRIMARY KEY (`id`),
  ADD UNIQUE KEY `slug` (`slug`);

--
-- Indeks untuk tabel `invite_codes`
--
ALTER TABLE `invite_codes`
  ADD PRIMARY KEY (`id`),
  ADD UNIQUE KEY `code` (`code`),
  ADD KEY `created_by` (`created_by`),
  ADD KEY `used_by` (`used_by`);

--
-- Indeks untuk tabel `password_resets`
--
ALTER TABLE `password_resets`
  ADD PRIMARY KEY (`id`),
  ADD KEY `user_id` (`user_id`);

--
-- Indeks untuk tabel `posts`
--
ALTER TABLE `posts`
  ADD PRIMARY KEY (`id`),
  ADD UNIQUE KEY `slug` (`slug`),
  ADD KEY `category_id` (`category_id`),
  ADD KEY `user_id` (`user_id`);

--
-- Indeks untuk tabel `users`
--
ALTER TABLE `users`
  ADD PRIMARY KEY (`id`),
  ADD UNIQUE KEY `username` (`username`),
  ADD UNIQUE KEY `email` (`email`);

--
-- Indeks untuk tabel `user_activities`
--
ALTER TABLE `user_activities`
  ADD PRIMARY KEY (`id`),
  ADD KEY `user_id` (`user_id`);

--
-- Indeks untuk tabel `user_permissions`
--
ALTER TABLE `user_permissions`
  ADD PRIMARY KEY (`id`),
  ADD UNIQUE KEY `unique_role_permission` (`role`,`permission`);

--
-- AUTO_INCREMENT untuk tabel yang dibuang
--

--
-- AUTO_INCREMENT untuk tabel `categories`
--
ALTER TABLE `categories`
  MODIFY `id` int(11) NOT NULL AUTO_INCREMENT, AUTO_INCREMENT=6;

--
-- AUTO_INCREMENT untuk tabel `invite_codes`
--
ALTER TABLE `invite_codes`
  MODIFY `id` int(11) NOT NULL AUTO_INCREMENT, AUTO_INCREMENT=3;

--
-- AUTO_INCREMENT untuk tabel `password_resets`
--
ALTER TABLE `password_resets`
  MODIFY `id` int(11) NOT NULL AUTO_INCREMENT;

--
-- AUTO_INCREMENT untuk tabel `posts`
--
ALTER TABLE `posts`
  MODIFY `id` int(11) NOT NULL AUTO_INCREMENT, AUTO_INCREMENT=4;

--
-- AUTO_INCREMENT untuk tabel `users`
--
ALTER TABLE `users`
  MODIFY `id` int(11) NOT NULL AUTO_INCREMENT, AUTO_INCREMENT=5;

--
-- AUTO_INCREMENT untuk tabel `user_activities`
--
ALTER TABLE `user_activities`
  MODIFY `id` int(11) NOT NULL AUTO_INCREMENT, AUTO_INCREMENT=46;

--
-- AUTO_INCREMENT untuk tabel `user_permissions`
--
ALTER TABLE `user_permissions`
  MODIFY `id` int(11) NOT NULL AUTO_INCREMENT, AUTO_INCREMENT=10;

--
-- Ketidakleluasaan untuk tabel pelimpahan (Dumped Tables)
--

--
-- Ketidakleluasaan untuk tabel `invite_codes`
--
ALTER TABLE `invite_codes`
  ADD CONSTRAINT `invite_codes_ibfk_1` FOREIGN KEY (`created_by`) REFERENCES `users` (`id`),
  ADD CONSTRAINT `invite_codes_ibfk_2` FOREIGN KEY (`used_by`) REFERENCES `users` (`id`);

--
-- Ketidakleluasaan untuk tabel `password_resets`
--
ALTER TABLE `password_resets`
  ADD CONSTRAINT `password_resets_ibfk_1` FOREIGN KEY (`user_id`) REFERENCES `users` (`id`) ON DELETE CASCADE;

--
-- Ketidakleluasaan untuk tabel `posts`
--
ALTER TABLE `posts`
  ADD CONSTRAINT `posts_ibfk_1` FOREIGN KEY (`category_id`) REFERENCES `categories` (`id`) ON DELETE SET NULL,
  ADD CONSTRAINT `posts_ibfk_2` FOREIGN KEY (`user_id`) REFERENCES `users` (`id`) ON DELETE CASCADE;

--
-- Ketidakleluasaan untuk tabel `user_activities`
--
ALTER TABLE `user_activities`
  ADD CONSTRAINT `user_activities_ibfk_1` FOREIGN KEY (`user_id`) REFERENCES `users` (`id`) ON DELETE CASCADE;
COMMIT;

/*!40101 SET CHARACTER_SET_CLIENT=@OLD_CHARACTER_SET_CLIENT */;
/*!40101 SET CHARACTER_SET_RESULTS=@OLD_CHARACTER_SET_RESULTS */;
/*!40101 SET COLLATION_CONNECTION=@OLD_COLLATION_CONNECTION */;
